data,rubrica,num_indice,num_indice_sa,Var. % margem,Var. % interanual,Var. % anual,ano,num_indice_acum,Var. % acumulada no ano
2012-01-01,Agropecuária,183.52,158.88,,,,2012,183.52,
2012-01-01,Consumo das Famílias,167.93,171.77,,,,2012,167.93,
2012-01-01,Despesa do Governo,142.16,146.31,,,,2012,142.16,
2012-01-01,Exportação,244.15,270.67,,,,2012,244.15,
2012-01-01,FBFC,178.13,184.84,,,,2012,178.13,
2012-01-01,Importação,254.74,267.09,,,,2012,254.74,
2012-01-01,Indústria,140.97,148.29,,,,2012,140.97,
2012-01-01,PIB,163.19,165.33,,,,2012,163.19,
2012-01-01,Serviços,166.76,170.68,,,,2012,166.76,
2012-04-01,Serviços,171.66,172.48,1.054605108975859,,,2012,338.41999999999996,
2012-04-01,PIB,167.97,168.17,1.717776568075946,,,2012,331.15999999999997,
2012-04-01,Importação,272.29,274.19,2.65827998053092,,,2012,527.03,
2012-04-01,FBFC,182.44,184.84,0.0,,,2012,360.57,
2012-04-01,Indústria,143.75,144.55,-2.522085103513372,,,2012,284.72,
2012-04-01,Despesa do Governo,147.48,147.16,0.5809582393548007,,,2012,289.64,
2012-04-01,Consumo das Famílias,170.97,173.1,0.7742912033533056,,,2012,338.9,
2012-04-01,Agropecuária,199.76,178.44,12.311178247734134,,,2012,383.28,
2012-04-01,Exportação,266.65,260.95,-3.59108877969484,,,2012,510.79999999999995,
2012-07-01,Serviços,175.68,174.11,0.9450371057514007,,,2012,514.0999999999999,
2012-07-01,PIB,173.63,171.1,1.7422845929714104,,,2012,504.78999999999996,
2012-07-01,Indústria,153.21,147.13,1.78484953303355,,,2012,437.93000000000006,
2012-07-01,Importação,267.48,265.46,-3.1839235566577972,,,2012,794.51,
2012-07-01,FBFC,189.86,183.02,-0.9846353603116142,,,2012,550.4300000000001,
2012-07-01,Despesa do Governo,146.61,146.42,-0.5028540364229506,,,2012,436.25,
2012-07-01,Consumo das Famílias,175.85,175.35,1.2998266897746857,,,2012,514.75,
2012-07-01,Agropecuária,200.56,198.59,11.292311140999779,,,2012,583.8399999999999,
2012-07-01,Exportação,278.3,266.68,2.1958229545889996,,,2012,789.0999999999999,
2012-10-01,Indústria,147.6,145.88,-0.8495887990212725,,,2012,585.5300000000001,
2012-10-01,Serviços,178.62,175.34,0.7064499454367823,,,2012,692.7199999999999,
2012-10-01,PIB,171.91,171.21,0.06428988895383903,,,2012,676.6999999999999,
2012-10-01,Importação,288.47,278.42,4.882091463874039,,,2012,1082.98,
2012-10-01,Consumo das Famílias,182.94,177.29,1.1063587111491247,,,2012,697.69,
2012-10-01,Exportação,283.78,274.65,2.9886005699715,,,2012,1072.8799999999999,
2012-10-01,Despesa do Governo,151.52,147.73,0.8946865182352104,,,2012,587.77,
2012-10-01,FBFC,188.37,186.85,2.092667468036269,,,2012,738.8000000000001,
2012-10-01,Agropecuária,132.8,188.44,-5.111032781106806,,,2012,716.6399999999999,
2013-01-01,PIB,167.63,172.04,0.4847847672448946,2.720754948219861,,2013,167.63,2.720754948219861
2013-01-01,Indústria,138.96,145.73,-0.10282423910062954,-1.4258352841029942,,2013,138.96,-1.4258352841029942
2013-01-01,Importação,272.11,289.22,3.8790316787587154,6.818717123341456,,2013,272.11,6.818717123341456
2013-01-01,FBFC,183.39,189.18,1.2469895638212547,2.9528995677314374,,2013,183.39,2.9528995677314374
2013-01-01,Serviços,171.4,175.34,0.0,2.7824418325737676,,2013,171.4,2.7824418325737676
2013-01-01,Despesa do Governo,141.99,146.47,-0.8529073309415769,-0.11958356781091029,,2013,141.99,-0.11958356781091029
2013-01-01,Consumo das Famílias,174.38,178.16,0.4907214168875962,3.8408860834871605,,2013,174.38,3.8408860834871605
2013-01-01,Agropecuária,223.0,190.02,0.838463171301207,21.512641673931988,,2013,223.0,21.512641673931988
2013-01-01,Exportação,232.04,265.95,-3.1676679410158393,-4.960065533483515,,2013,232.04,-4.960065533483515
2013-04-01,Serviços,176.97,177.9,1.4600205315387305,3.093324012583021,,2013,348.37,2.9401335618462365
2013-04-01,PIB,174.73,174.51,1.4357126249709307,4.024528189557652,,2013,342.36,3.3820509723396786
2013-04-01,Indústria,150.15,151.24,3.780964797913966,4.452173913043489,,2013,289.11,1.541865692610278
2013-04-01,Importação,290.32,292.52,1.140999930848463,6.621616658709462,,2013,562.4300000000001,6.716885186801536
2013-04-01,FBFC,197.93,200.28,5.867427846495388,8.490462617846962,,2013,381.32,5.754777158388102
2013-04-01,Despesa do Governo,149.21,148.79,1.5839421041851542,1.1730404122592963,,2013,291.20000000000005,0.5385996409335903
2013-04-01,Consumo das Famílias,178.01,180.48,1.302200269420739,4.117681464584422,,2013,352.39,3.98052522868102
2013-04-01,Agropecuária,220.04,196.3,3.304915272076614,10.15218261914297,,2013,443.03999999999996,15.591734502191601
2013-04-01,Exportação,282.31,272.63,2.5117503290092102,5.8728670541909,,2013,514.35,0.694988253719675
2013-07-01,Indústria,157.6,151.38,0.09256810367626045,2.8653482148684795,,2013,446.71000000000004,2.004886625716429
2013-07-01,Serviços,180.49,178.96,0.595840359752664,2.737932604735893,,2013,528.86,2.8710367632756473
2013-07-01,PIB,178.42,175.25,0.4240444673657695,2.758739849104419,,2013,520.78,3.1676538758691697
2013-07-01,Importação,297.5,286.74,-1.975933269520025,11.223269029460138,,2013,859.9300000000001,8.234005865250293
2013-07-01,Consumo das Famílias,181.96,181.61,0.626108156028371,3.4745521751492925,,2013,534.35,3.807673627974739
2013-07-01,Exportação,285.22,268.04,-1.683600484172676,2.4865253323751446,,2013,799.57,1.3268280319351344
2013-07-01,Agropecuária,195.19,195.73,-0.29037187977586365,-2.6775029916234594,,2013,638.23,9.315908468073463
2013-07-01,FBFC,203.81,197.35,-1.4629518673856645,7.347519224691879,,2013,585.13,6.304162200461438
2013-07-01,Despesa do Governo,150.24,149.84,0.7056925868674124,2.475956619603026,,2013,441.44000000000005,1.1896848137535887
2013-10-01,PIB,176.26,175.58,0.1883024251069898,2.530393810714915,3.005763262893435,2013,697.04,3.005763262893457
2013-10-01,Indústria,151.52,150.15,-0.812524772096701,2.655826558265595,2.168975116561067,2013,598.23,2.168975116561045
2013-10-01,Importação,295.27,285.7,-0.36269791448699795,2.357264186917174,6.668636539917627,2013,1155.2,6.668636539917627
2013-10-01,FBFC,196.73,195.38,-0.9982265011401092,4.438074003291392,5.828370330265287,2013,781.86,5.828370330265287
2013-10-01,Serviços,182.92,179.52,0.3129190880643673,2.4073452021050157,2.751472456403725,2013,711.78,2.7514724564037474
2013-10-01,Despesa do Governo,155.21,151.42,1.054458088627852,2.4353220696937683,1.5107950388757674,2013,596.6500000000001,1.5107950388757674
2013-10-01,Consumo das Famílias,187.56,181.5,-0.060569351907946434,2.52541816989178,3.471455804153689,2013,721.9100000000001,3.4714558041537114
2013-10-01,Agropecuária,138.33,198.41,1.3692331272671554,4.1641566265060215,8.361241348515303,2013,776.5600000000001,8.361241348515325
2013-10-01,Exportação,292.94,286.96,7.058647962990583,3.2278525618436804,1.8296547610170855,2013,1092.51,1.8296547610170855
2014-01-01,Serviços,176.22,180.11,0.32865418894831855,2.812135355892642,2.7589767121716235,2014,176.22,2.812135355892642
2014-01-01,PIB,173.45,176.87,0.7347078254926531,3.4719322317007695,3.1887717649822678,2014,173.45,3.4719322317007695
2014-01-01,Indústria,144.36,150.65,0.33300033300034393,3.8860103626943143,3.4463257471894826,2014,144.36,3.8860103626943143
2014-01-01,Importação,271.94,287.1,0.4900245012250837,-0.06247473448238727,4.969327941109625,2014,271.94,-0.06247473448238727
2014-01-01,FBFC,191.03,196.19,0.41457672228477627,4.165985059163546,6.107034378947951,2014,191.03,4.165985059163546
2014-01-01,Despesa do Governo,144.88,149.62,-1.1887465328226043,2.0353546024367786,2.031994554118466,2014,144.88,2.0353546024367786
2014-01-01,Agropecuária,238.38,199.82,0.7106496648354499,6.896860986547093,4.73734327884463,2014,238.38,6.896860986547093
2014-01-01,Exportação,237.63,270.75,-5.648870922776683,2.409067402172038,3.519141755517219,2014,237.63,2.409067402172038
2014-01-01,Consumo das Famílias,180.61,184.46,1.6308539944903666,3.5726574148411627,3.4084130996677064,2014,180.61,3.5726574148411627
2014-04-01,Serviços,178.14,179.23,-0.48859030592417474,0.6611290049160834,2.1489461624944806,2014,354.36,1.7194362315928524
2014-04-01,Importação,278.09,281.47,-1.9609892023685127,-4.212593000826681,2.1835154419785674,2014,550.03,-2.2047188094518555
2014-04-01,PIB,173.97,174.56,-1.3060439871091734,-0.434956790476726,2.0642535252217042,2014,347.41999999999996,1.4779763991120243
2014-04-01,Indústria,144.84,146.15,-2.987056090275475,-3.536463536463541,1.4239218877136084,2014,289.20000000000005,0.031130019715686075
2014-04-01,FBFC,185.27,187.5,-4.429379682960399,-6.396200677007025,2.2763478375353863,2014,376.3,-1.3164795971887133
2014-04-01,Despesa do Governo,151.05,150.59,0.6483090495922994,1.233161316265674,2.0446948229345008,2014,295.93,1.6243131868131755
2014-04-01,Consumo das Famílias,180.74,183.46,-0.5421229534858463,1.5336217066457047,2.768638038190052,2014,361.35,2.5426374187689893
2014-04-01,Agropecuária,220.45,196.34,-1.7415674106695977,0.18632975822576725,2.0543534260690333,2014,458.83,3.56401227880101
2014-04-01,Exportação,279.59,266.64,-1.5180055401662118,-0.9634798625624441,1.7604488912423832,2014,517.22,0.5579858073296418
2014-07-01,PIB,177.28,174.39,-0.09738771769020049,-0.6389418226656174,1.19389625951003,2014,524.6999999999999,0.7527170782287929
2014-07-01,Indústria,152.0,145.75,-0.2736914129319201,-3.5532994923857864,-0.26753714391477557,2014,441.20000000000005,-1.2334624252871018
2014-07-01,Importação,299.42,288.46,2.4833907698866398,0.6453781512605117,-0.3204458376872221,2014,849.45,-1.2187038479876344
2014-07-01,FBFC,188.63,183.04,-2.3786666666666734,-7.448113438987292,-1.5307045895281202,2014,564.9300000000001,-3.4522242920376534
2014-07-01,Serviços,181.2,179.65,0.23433576968141523,0.3933735941049177,1.5548142703680545,2014,535.56,1.2668759217940417
2014-07-01,Despesa do Governo,151.8,151.22,0.41835447240852197,1.0383386581469756,1.6830814894765345,2014,447.73,1.4248822036969866
2014-07-01,Consumo das Famílias,183.97,183.66,0.10901558922924437,1.1046383820619843,2.1734584338273466,2014,545.32,2.0529615420604497
2014-07-01,Agropecuária,197.24,200.62,2.179892024039942,1.050258722270625,3.031010466518813,2014,656.0699999999999,2.7952305595161597
2014-07-01,Exportação,296.86,279.35,4.7667266726672874,4.0810602342051805,2.184889463239026,2014,814.08,1.814725414910523
2014-10-01,Serviços,183.25,179.84,0.1057612023378729,0.18040673518477934,0.9876647278653561,2014,718.81,0.9876647278653561
2014-10-01,PIB,175.86,175.15,0.43580480532141586,-0.22693747872459813,0.5049925398829425,2014,700.56,0.5049925398829203
2014-10-01,Indústria,148.0,146.87,0.768439108061747,-2.3231256599788863,-1.5094528860137402,2014,589.2,-1.5094528860137402
2014-10-01,Importação,279.51,270.57,-6.2018997434652885,-5.337487723100887,-2.2714681440443196,2014,1128.96,-2.2714681440443196
2014-10-01,FBFC,183.9,182.72,-0.17482517482516613,-6.521628628068921,-4.224541478013954,2014,748.83,-4.224541478013966
2014-10-01,Despesa do Governo,153.76,149.96,-0.8332231186350958,-0.9342181560466623,0.8111958434593003,2014,601.49,0.8111958434593003
2014-10-01,Consumo das Famílias,192.84,186.42,1.5027768703038236,2.8150991682661664,2.2509731129919164,2014,738.1600000000001,2.2509731129919164
2014-10-01,Agropecuária,142.16,206.14,2.751470441630932,2.7687414154557777,2.790512001648282,2014,798.2299999999999,2.790512001648282
2014-10-01,Exportação,261.28,261.29,-6.465008054412024,-10.807673926401318,-1.5697796816505183,2014,1075.3600000000001,-1.569779681650496
2015-01-01,Indústria,138.38,144.25,-1.7838905154218043,-4.1424217234691145,-3.3812103440849506,2015,138.38,-4.1424217234691145
2015-01-01,Serviços,174.09,177.88,-1.0898576512455516,-1.208716377255703,0.011163829193394648,2015,174.09,-1.208716377255703
2015-01-01,PIB,170.64,173.72,-0.8164430488153074,-1.6200634188527019,-0.7270295649204672,2015,170.64,-1.6200634188527019
2015-01-01,Importação,257.48,270.24,-0.12196474110210964,-5.317349415312189,-3.50899976623984,2015,257.48,-5.317349415312189
2015-01-01,Consumo das Famílias,179.47,183.23,-1.7111897865035974,-0.6311942860306785,1.219545691762569,2015,179.47,-0.6311942860306785
2015-01-01,Exportação,247.45,277.46,6.188526158674246,4.132474855868362,-1.1765777251616316,2015,247.45,4.132474855868362
2015-01-01,Agropecuária,255.39,210.77,2.2460463762491667,7.135665743770447,2.942142081470811,2015,255.39,7.135665743770447
2015-01-01,FBFC,173.0,177.22,-3.010070052539404,-9.43830811914359,-7.435085497150096,2015,173.0,-9.43830811914359
2015-01-01,Despesa do Governo,144.33,149.27,-0.4601226993865004,-0.37962451684151466,0.23351235947559612,2015,144.33,-0.37962451684151466
2015-04-01,Agropecuária,230.36,204.61,-2.9226170707406185,4.4953504195963,4.139584779453531,2015,485.75,5.867096746071532
2015-04-01,Consumo das Famílias,176.8,179.72,-1.9156251705506722,-2.179926966913792,0.3023793561098165,2015,356.27,-1.405839214058402
2015-04-01,Despesa do Governo,148.59,148.1,-0.7838145642125149,-1.6285998013902736,-0.48222421763277623,2015,292.92,-1.0171324299665385
2015-04-01,Exportação,304.21,288.57,4.004180782815547,8.805751278658036,1.3164381310595274,2015,551.66,6.658675225242638
2015-04-01,FBFC,162.56,164.87,-6.968739419930026,-12.257785934042209,-8.849956232943734,2015,335.56,-10.826468243422804
2015-04-01,Importação,247.22,252.7,-6.490526939017183,-11.100722787586747,-5.1776338816940655,2015,504.70000000000005,-8.241368652618931
2015-04-01,Indústria,137.94,139.46,-3.320623916811083,-4.763877381938697,-3.6769621607166902,2015,276.32,-4.45366528354082
2015-04-01,PIB,169.2,169.79,-2.26226110983192,-2.7418520434557725,-1.2989602620709362,2015,339.84,-2.181797248287376
2015-04-01,Serviços,174.2,175.29,-1.456037778277497,-2.211743572471092,-0.7007815874165768,2015,348.28999999999996,-1.7129472852466576
2015-07-01,Serviços,175.04,173.47,-1.0382794226709957,-3.399558498896249,-1.6562743569758176,2015,523.3299999999999,-2.283591007543506
2015-07-01,PIB,169.72,167.13,-1.5666411449437478,-4.264440433213002,-2.2169595982652446,2015,509.55999999999995,-2.8854583571564674
2015-07-01,Indústria,143.26,137.03,-1.7424351068406785,-5.750000000000011,-4.2414630854366475,2015,419.58,-4.90027198549412
2015-07-01,Importação,240.04,229.99,-8.98694103680252,-19.831674570836956,-10.52397092738836,2015,744.74,-12.326799693919599
2015-07-01,Agropecuária,196.81,203.03,-0.7722007722007818,-0.21800851754207873,3.816717019133953,2015,682.56,4.03767890621427
2015-07-01,Exportação,303.2,286.61,-0.6792112832241681,2.135686855756913,0.8238333544109411,2015,854.8599999999999,5.009335691823891
2015-07-01,Despesa do Governo,149.1,148.37,0.18230925050641833,-1.7786561264822254,-1.1875145122234532,2015,442.02,-1.2753221807786042
2015-07-01,Consumo das Famílias,176.77,176.41,-1.8417538393055932,-3.9136815785182355,-0.9551359021941042,2015,533.04,-2.251888799237156
2015-07-01,FBFC,160.49,155.59,-5.628677139564509,-14.918093622435446,-10.72788383268124,2015,496.05,-12.192661037650687
2015-10-01,PIB,166.15,165.51,-0.9693053311793265,-5.52143750710793,-3.5471622701838568,2015,675.7099999999999,-3.5471622701838568
2015-10-01,Serviços,175.83,172.68,-0.45541015737591284,-4.049113233287849,-2.733684840222017,2015,699.16,-2.733684840222028
2015-10-01,Indústria,135.68,134.6,-1.7733343063562779,-8.324324324324317,-5.7603530210454945,2015,555.26,-5.7603530210454945
2015-10-01,Importação,224.02,216.9,-5.691551806600293,-19.852599191442156,-14.190051020408168,2015,968.76,-14.190051020408168
2015-10-01,FBFC,148.34,147.34,-5.302397326306318,-19.336595976073955,-13.947090794973494,2015,644.39,-13.947090794973494
2015-10-01,Exportação,293.84,297.97,3.963574194898989,12.46172688303735,6.820041660467191,2015,1148.6999999999998,6.820041660467169
2015-10-01,Despesa do Governo,150.84,147.06,-0.8829278155961462,-1.8990634755463032,-1.4347703203710815,2015,592.86,-1.4347703203710815
2015-10-01,Consumo das Famílias,181.37,175.21,-0.6802335468510834,-5.947936112839658,-3.21745962934864,2015,714.41,-3.2174596293486624
2015-10-01,Agropecuária,142.13,207.76,2.329704969708901,-0.021102982554865868,3.314834070380712,2015,824.6899999999999,3.314834070380712
2016-01-01,PIB,161.87,163.25,-1.365476406259436,-5.139474917955922,-4.415621640988887,2016,161.87,-5.139474917955922
2016-01-01,Indústria,128.1,133.83,-0.5720653789004326,-7.428819193525083,-6.5567024450464695,2016,128.1,-7.428819193525083
2016-01-01,Importação,201.63,206.52,-4.7856154910096755,-21.691005126611785,-18.087931807985647,2016,201.63,-21.691005126611785
2016-01-01,FBFC,140.58,144.03,-2.2465046830460134,-18.739884393063576,-16.26026272577996,2016,140.58,-18.739884393063576
2016-01-01,Serviços,168.49,172.17,-0.2953439888811804,-3.2167269802975462,-3.2259864932745463,2016,168.49,-3.2167269802975462
2016-01-01,Despesa do Governo,144.13,149.23,1.4755881952944305,-0.13857132959191887,-1.3778413818351432,2016,144.13,-0.13857132959191887
2016-01-01,Consumo das Famílias,169.39,172.92,-1.307003024941511,-5.616537582882941,-4.435429160674054,2016,169.39,-5.616537582882941
2016-01-01,Agropecuária,235.89,192.69,-7.253561802079322,-7.635381181722067,-1.2327658112948447,2016,235.89,-7.635381181722067
2016-01-01,Exportação,277.48,298.38,0.1375977447393817,12.135785007072153,8.62068965517242,2016,277.48,12.135785007072153
2016-04-01,Serviços,170.45,171.52,-0.37753383283962716,-2.152698048220436,-3.217161938434787,2016,338.94,-2.6845444887880654
2016-04-01,PIB,163.75,163.74,0.3001531393568291,-3.2210401891252904,-4.544142688100672,2016,325.62,-4.184322033898291
2016-04-01,Indústria,132.56,134.12,0.21669281924829864,-3.9002464839785422,-6.371460299833409,2016,260.65999999999997,-5.667342211928206
2016-04-01,Importação,220.89,228.2,10.497772612821986,-10.650432812879219,-18.184251082011393,2016,422.52,-16.282940360610276
2016-04-01,FBFC,145.16,147.61,2.4855932791779667,-10.703740157480324,-16.031860356734295,2016,285.74,-14.846823220884486
2016-04-01,Despesa do Governo,149.39,148.8,-0.2881458151846039,0.5383942391816277,-0.8387916054003686,2016,293.52,0.2048340843916252
2016-04-01,Consumo das Famílias,168.88,171.89,-0.5956511681702525,-4.47963800904978,-5.002182572161285,2016,338.27,-5.052347938361357
2016-04-01,Agropecuária,218.13,192.88,0.09860397529710685,-5.309081437749619,-3.9011088892928814,2016,454.02,-6.532166752444679
2016-04-01,Exportação,312.19,297.07,-0.43903746899925933,2.623187929390891,6.930077491439901,2016,589.6700000000001,6.890113475691573
2016-07-01,Serviços,172.2,170.49,-0.6005130597014907,-1.6224862888482683,-2.775340371932411,2016,511.14,-2.3293141994534916
2016-07-01,PIB,165.55,162.91,-0.5069011848051863,-2.456987980202674,-4.099676110997641,2016,491.17,-3.608995996546027
2016-07-01,Indústria,138.34,132.14,-1.4762898896510723,-3.434315231048435,-5.7965396948447605,2016,399.0,-4.904904904904905
2016-07-01,Importação,223.36,212.8,-6.7484662576687064,-6.948841859690047,-15.069563094947524,2016,645.88,-13.274431345167448
2016-07-01,FBFC,143.49,138.63,-6.083598672176693,-10.59256028412985,-15.056989484520923,2016,429.23,-13.470416288680575
2016-07-01,Despesa do Governo,149.04,148.23,-0.38306451612905024,-0.04024144869215762,-0.39947631676121587,2016,442.55999999999995,0.12216641780913307
2016-07-01,Agropecuária,188.11,196.09,1.6642472003318254,-4.4205070880544595,-4.905907459501413,2016,642.13,-5.923288795124226
2016-07-01,Exportação,300.14,283.47,-4.57804557848317,-1.0092348284960417,6.048524378662168,2016,889.8100000000001,4.088388742016247
2016-07-01,Consumo das Famílias,171.7,171.28,-0.35487811972771954,-2.8681337330995205,-4.75836226373506,2016,509.96999999999997,-4.328005402971636
2016-10-01,Serviços,172.48,169.52,-0.5689483254149752,-1.9052493886140165,-2.222667200640782,2016,683.62,-2.22266720064076
2016-10-01,Agropecuária,139.47,205.72,4.91101025039522,-1.8715260676845147,-5.2249936339715415,2016,781.6,-5.2249936339715415
2016-10-01,Consumo das Famílias,177.02,170.88,-0.23353573096683844,-2.398412085791468,-3.838132165003294,2016,686.99,-3.838132165003283
2016-10-01,Despesa do Governo,151.55,147.85,-0.2563583620049936,0.4706974277379983,0.2108423573862206,2016,594.1099999999999,0.2108423573862206
2016-10-01,Exportação,268.8,281.08,-0.8431227290365939,-8.521644432344122,0.8627143727692355,2016,1158.6100000000001,0.8627143727692355
2016-10-01,FBFC,137.0,136.1,-1.82500180336147,-7.644600242685728,-12.129300578842006,2016,566.23,-12.129300578842006
2016-10-01,Importação,222.68,222.32,4.473684210526296,-0.5981608784929926,-10.34311903877122,2016,868.56,-10.34311903877122
2016-10-01,Indústria,130.91,129.82,-1.7557136370516035,-3.515625000000011,-4.565428808125926,2016,529.91,-4.565428808125926
2016-10-01,PIB,162.39,162.76,-0.09207537904364349,-2.2630153475775017,-3.2780334758994334,2016,653.56,-3.2780334758994223
2017-01-01,Serviços,166.43,170.09,0.3362435110901396,-1.222624488100188,-1.73020358728877,2017,166.43,-1.222624488100188
2017-01-01,PIB,162.33,164.33,0.9646104694028157,0.2841786618891673,-1.9372057456442993,2017,162.33,0.2841786618891673
2017-01-01,Indústria,125.62,131.36,1.1862578955476932,-1.935987509757997,-3.2203016624463454,2017,125.62,-1.935987509757997
2017-01-01,Importação,224.55,226.48,1.8711766822598008,11.36735604820711,-2.3474384112344038,2017,224.55,11.36735604820711
2017-01-01,Consumo das Famílias,168.47,171.99,0.6495786516854007,-0.5431253320739016,-2.5925347493362616,2017,168.47,-0.5431253320739016
2017-01-01,Exportação,281.74,298.75,6.286466486409559,1.5352457834798772,-1.345515936643682,2017,281.74,1.5352457834798772
2017-01-01,Despesa do Governo,141.85,147.02,-0.5613797768007966,-1.581905224450153,-0.1400465697027009,2017,141.85,-1.581905224450153
2017-01-01,Agropecuária,283.97,230.3,11.948279214466261,20.382381618551037,3.041518150995426,2017,283.97,20.382381618551037
2017-01-01,FBFC,133.14,136.6,0.3673769287288797,-5.292360221937709,-8.689968462506336,2017,133.14,-5.292360221937709
2017-04-01,Importação,218.17,227.5,0.45037089367714334,-1.231382135904746,0.2458886958875528,2017,442.72,4.780838776862639
2017-04-01,PIB,165.04,165.63,0.7910910971824947,0.7877862595419893,-0.9342544860844515,2017,327.37,0.5374362754130502
2017-04-01,Indústria,129.54,131.08,-0.21315468940317217,-2.2782136391068297,-2.8150481838398744,2017,255.16,-2.110028389472862
2017-04-01,Serviços,170.94,172.03,1.1405726380151693,0.2874743326488849,-1.1249474492976308,2017,337.37,-0.46320882752108883
2017-04-01,FBFC,134.06,136.52,-0.05856515373351412,-7.646734637641217,-7.8846897758043655,2017,267.2,-6.488416042556178
2017-04-01,Despesa do Governo,148.0,147.28,0.17684668752551147,-0.9304504986946793,-0.5088801267145171,2017,289.85,-1.250340692286711
2017-04-01,Consumo das Famílias,171.49,174.77,1.6163730449444635,1.5454760776883125,-1.109978317370519,2017,339.96000000000004,0.49960091051528543
2017-04-01,Agropecuária,253.24,222.91,-3.208858011289628,16.095906111034708,9.058464487489925,2017,537.21,18.322981366459643
2017-04-01,Exportação,318.64,305.8,2.359832635983272,2.0660495211249463,-1.465395926553248,2017,600.38,1.816270117184171
2017-07-01,PIB,168.27,166.17,0.32602789349756023,1.6430081546360498,0.1080143613460871,2017,495.64,0.9100718692102383
2017-07-01,Indústria,137.84,131.63,0.41959108941103107,-0.3614283648980754,-2.014288920475815,2017,393.0,-1.5037593984962405
2017-07-01,Importação,240.08,235.3,3.4285714285714253,7.485673352435529,4.090125301758829,2017,682.8000000000001,5.716232117421205
2017-07-01,FBFC,142.13,137.03,0.37357163785525227,-0.9478012405045755,-5.40886818913725,2017,409.33,-4.636209025464211
2017-07-01,Serviços,174.76,172.93,0.5231645643201777,1.4866434378629556,-0.3435375635035043,2017,512.13,0.1936847047775636
2017-07-01,Despesa do Governo,147.89,147.14,-0.09505703422054701,-0.7716049382716084,-0.6926188068756334,2017,437.74,-1.0891178597252194
2017-07-01,Consumo das Famílias,177.05,176.5,0.9898724037306073,3.115899825276669,0.3890994300923101,2017,517.01,1.3804733611781028
2017-07-01,Agropecuária,207.74,217.98,-2.2116549279978526,10.435383552176924,12.771274832326029,2017,744.95,16.012333951069113
2017-07-01,Exportação,322.41,312.52,2.197514715500315,7.419870726994082,0.6708064039200989,2017,922.79,3.70640923343184
2017-10-01,Serviços,176.74,173.67,0.4279188110796195,2.469851576994442,0.7679705099324252,2017,688.87,0.7679705099324252
2017-10-01,PIB,166.58,167.15,0.5897574772823155,2.5802081408953903,1.3250504926862305,2017,662.22,1.3250504926862305
2017-10-01,Indústria,134.25,133.14,1.147154903897274,2.551371171033545,-0.5019720329867305,2017,527.25,-0.5019720329867305
2017-10-01,Importação,244.11,243.74,3.58691032724181,9.623675229028205,6.718016026526685,2017,926.9100000000001,6.718016026526685
2017-10-01,FBFC,142.42,141.43,3.2109756987521054,3.956204379562034,-2.5572647157515505,2017,551.75,-2.5572647157515505
2017-10-01,Despesa do Governo,152.38,148.65,1.0262335190974747,0.5476740349719567,-0.6715928026796214,2017,590.12,-0.6715928026796214
2017-10-01,Consumo das Famílias,183.58,177.05,0.3116147308781958,3.7057959552592834,1.9796503588116243,2017,700.59,1.9796503588116243
2017-10-01,Agropecuária,147.28,219.06,0.49545829892652105,5.599770559977069,14.154298874104398,2017,892.23,14.154298874104398
2017-10-01,Exportação,292.71,302.83,-3.1006015615000604,8.895089285714274,4.91019411190996,2017,1215.5,4.91019411190996
2018-01-01,Importação,241.14,241.62,-0.8697792729958187,7.3881095524382046,5.83524027459954,2018,241.14,7.3881095524382046
2018-01-01,PIB,165.42,167.93,0.4666467244989647,1.9035298466087536,1.7262469037643946,2018,165.42,1.9035298466087536
2018-01-01,Indústria,127.28,133.17,0.022532672374953044,1.3214456296767985,0.2806059571886621,2018,127.28,1.3214456296767985
2018-01-01,FBFC,137.6,141.25,-0.1272714417026144,3.349857293074976,-0.46171191324109184,2018,137.6,3.349857293074976
2018-01-01,Serviços,170.95,174.73,0.6103529682731645,2.715856516253079,1.7357239274605307,2018,170.95,2.715856516253079
2018-01-01,Despesa do Governo,143.28,148.59,-0.04036326942482571,1.0081071554459031,-0.047310883192808184,2018,143.28,1.0081071554459031
2018-01-01,Consumo das Famílias,174.67,178.42,0.7737927139226164,3.680180447557424,3.020099989796976,2018,174.67,3.680180447557424
2018-01-01,Agropecuária,276.45,223.03,1.812288870629053,-2.648167059900708,6.632677658856423,2018,276.45,-2.648167059900708
2018-01-01,Exportação,295.95,312.98,3.3517154839348917,5.043657272662738,5.747847996766642,2018,295.95,5.043657272662738
2018-04-01,PIB,167.71,167.89,-0.023819448579776026,1.61778962675716,1.9334360836855913,2018,333.13,1.7594770443229324
2018-04-01,Indústria,131.05,132.44,-0.5481715100998596,1.16566311563997,1.146049846494157,2018,258.33000000000004,1.2423577363223304
2018-04-01,Importação,230.48,241.92,0.12416190712689623,5.642388962735478,7.544218911742195,2018,471.62,6.527827972533418
2018-04-01,FBFC,139.35,142.12,0.6159292035398334,3.9459943308966183,2.5214993883400982,2018,276.95,3.6489520958083776
2018-04-01,Serviços,174.38,175.65,0.5265266411034197,2.0124020124020037,2.1669965545048075,2018,345.33,2.359427334973474
2018-04-01,Despesa do Governo,149.85,148.96,0.24900733562152055,1.2499999999999956,0.5013210487094355,2018,293.13,1.1316198033465508
2018-04-01,Consumo das Famílias,175.19,178.74,0.1793520905728263,2.1575602075922795,3.166928036243255,2018,349.86,2.9121073067419623
2018-04-01,Agropecuária,255.26,224.18,0.5156257005783926,0.797662296635604,2.5370321118421746,2018,531.71,-1.0238081941884913
2018-04-01,Exportação,310.77,300.14,-4.102498562208456,-2.4698719558122084,4.4914993329456365,2018,606.72,1.0559978680169335
2018-07-01,Serviços,178.38,176.49,0.47822374039283577,2.071412222476532,2.3137260630139656,2018,523.71,2.2611446312459815
2018-07-01,PIB,171.73,169.41,0.905354696527505,2.0562191715694844,2.037901007552856,2018,504.86,1.8602211282382486
2018-07-01,Indústria,139.23,133.02,0.4379341588643948,1.0084155542658069,1.5078925769693274,2018,397.56000000000006,1.1603053435114585
2018-07-01,Importação,271.69,266.67,10.230654761904766,13.166444518493826,9.049343994345538,2018,743.31,8.862038664323357
2018-07-01,FBFC,155.23,149.59,5.256121587390927,9.216914092731997,5.174528215547358,2018,432.17999999999995,5.582293015415418
2018-07-01,Despesa do Governo,150.23,149.58,0.41621911922664623,1.5822570829670646,1.0945374942727737,2018,443.36,1.283867135742689
2018-07-01,Consumo das Famílias,180.5,179.8,0.5930401700794397,1.9486020898051404,2.8687520712360914,2018,530.36,2.582155084040938
2018-07-01,Agropecuária,217.7,228.97,2.1366758854491907,4.794454606719922,1.3873499016304525,2018,749.4100000000001,0.5986978991878722
2018-07-01,Exportação,330.38,320.49,6.78016925434799,2.4720076920691003,3.2074790825703303,2018,937.1,1.5507320192026386
2018-10-01,Indústria,133.47,132.4,-0.4660953240114285,-0.5810055865921759,0.7169274537695447,2018,531.0300000000001,0.7169274537695669
2018-10-01,Serviços,179.52,176.18,-0.17564734545866267,1.5729319904945083,2.084573286686897,2018,703.23,2.084573286686897
2018-10-01,PIB,169.17,169.06,-0.2065993742990324,1.5548085004202017,1.7833952462927627,2018,674.03,1.7833952462927627
2018-10-01,Importação,255.35,247.0,-7.376157798027528,4.6044815861701505,7.740773106342558,2018,998.66,7.740773106342558
2018-10-01,FBFC,148.43,147.2,-1.5977003810415225,4.219912933576753,5.230629814227461,2018,580.6099999999999,5.230629814227439
2018-10-01,Exportação,327.64,328.71,2.5648226153702103,11.933312835229405,4.051007815713703,2018,1264.74,4.051007815713703
2018-10-01,Despesa do Governo,151.4,147.56,-1.3504479208450437,-0.6431290195563655,0.7862807564563035,2018,594.76,0.7862807564563035
2018-10-01,Consumo das Famílias,186.8,180.0,0.11123470522802492,1.7540037041072098,2.3651493740989737,2018,717.1600000000001,2.3651493740989737
2018-10-01,Agropecuária,154.48,232.33,1.4674411494955741,4.888647474198793,1.3068379229570715,2018,903.8900000000001,1.3068379229570937
2019-01-01,PIB,166.91,169.54,0.283922867620956,0.9007375166243614,1.5346229577189563,2019,166.91,0.9007375166243614
2019-01-01,Indústria,125.4,131.4,-0.7552870090634434,-1.4770584538026377,0.04537634002002022,2019,125.4,-1.4770584538026377
2019-01-01,Importação,234.64,241.05,-2.4089068825910886,-2.6955295678858793,5.157392686804441,2019,234.64,-2.6955295678858793
2019-01-01,FBFC,141.67,145.39,-1.229619565217388,2.957848837209287,5.118570324158123,2019,141.67,2.957848837209287
2019-01-01,Serviços,173.7,177.61,0.8116698830741287,1.6086575021936333,1.8157169846695353,2019,173.7,1.6086575021936333
2019-01-01,Despesa do Governo,142.72,148.22,0.4472756844673409,-0.39084310441094283,0.4479756571718507,2019,142.72,-0.39084310441094283
2019-01-01,Consumo das Famílias,178.63,182.62,1.4555555555555655,2.2671323066353777,2.027476336677081,2019,178.63,2.2671323066353777
2019-01-01,Agropecuária,277.82,222.57,-4.2009211036026395,0.4955688189546059,2.322795040182646,2019,277.82,0.4955688189546059
2019-01-01,Exportação,289.61,314.69,-4.2651577378236105,-2.1422537590809143,2.3330703987118673,2019,289.61,-2.1422537590809143
2019-04-01,Serviços,176.64,178.17,0.31529756207420156,1.2960201858011278,1.6374151514716662,2019,350.34,1.450786204500032
2019-04-01,PIB,169.68,170.56,0.6016279344107645,1.1746467115854697,1.423695320219176,2019,336.59000000000003,1.0386335664755553
2019-04-01,Indústria,130.57,131.79,0.29680365296802513,-0.3662724151087482,-0.32992722748013126,2019,255.97,-0.9135601749700184
2019-04-01,Importação,241.95,254.89,5.741547396805635,4.97657063519612,5.003086387461941,2019,476.59,1.0538145116831377
2019-04-01,FBFC,149.65,152.86,5.137904945319516,7.391460351632584,5.962600178094402,2019,291.32,5.1886622133959115
2019-04-01,Despesa do Governo,149.14,148.12,-0.06746727836998145,-0.4738071404738142,0.01516683518705264,2019,291.86,-0.43325486985296147
2019-04-01,Consumo das Famílias,179.46,183.22,0.328551089694451,2.4373537302357473,2.0971442244085203,2019,358.09000000000003,2.352369519236275
2019-04-01,Agropecuária,257.28,225.81,1.455721795390219,0.7913499960824133,2.3175036369582624,2019,535.0999999999999,0.6375655902653543
2019-04-01,Exportação,312.52,301.77,-4.105627760653352,0.5631174180261933,3.135435081516391,2019,602.13,-0.7565268987341778
2019-07-01,Importação,278.19,265.24,4.060575150064749,2.392432551805368,2.299933159142009,2019,754.78,1.5430977654007139
2019-07-01,PIB,173.64,170.5,-0.0351782363977482,1.1122110289407683,1.1855117359704348,2019,510.23,1.063661213009559
2019-07-01,Indústria,138.23,132.01,0.16693224068593526,-0.7182360123536569,-0.7784735149771516,2019,394.2,-0.8451554482342472
2019-07-01,FBFC,162.78,157.03,2.7279863927776926,4.863750563679714,4.8607727114514665,2019,454.1,5.071960757091976
2019-07-01,Serviços,180.5,178.59,0.23572992086211553,1.1884740441753694,1.4148047683631981,2019,530.8399999999999,1.3614404918752543
2019-07-01,Despesa do Governo,148.47,147.84,-0.1890359168241984,-1.171536976635823,-0.6731124315976778,2019,440.33000000000004,-0.6834175387946506
2019-07-01,Consumo das Famílias,185.2,184.34,0.611286977404224,2.603878116343483,2.2620948539093133,2019,543.29,2.4379666641526354
2019-07-01,Agropecuária,219.76,231.71,2.61281608431867,0.9462563160312465,1.4107439583356474,2019,754.8599999999999,0.7272387611587439
2019-07-01,Exportação,318.77,302.89,0.3711435861748935,-3.5141352382105473,1.5229994877257402,2019,920.9,-1.7287375947070749
2019-10-01,PIB,172.03,171.88,0.8093841642228705,1.6906070816338659,1.2210139014583898,2019,682.26,1.2210139014583898
2019-10-01,Indústria,133.27,132.31,0.22725551094615604,-0.14984640743237465,-0.6703952695704452,2019,527.47,-0.6703952695704674
2019-10-01,Importação,257.19,248.84,-6.183079475192277,0.720579596632076,1.3327859331504266,2019,1011.97,1.3327859331504266
2019-10-01,FBFC,149.89,148.33,-5.540342609692406,0.9836286465000121,4.0267994006303764,2019,603.99,4.026799400630399
2019-10-01,Serviços,183.02,179.22,0.35276331261548943,1.949643493761144,1.5115964904796275,2019,713.8599999999999,1.5115964904796275
2019-10-01,Despesa do Governo,151.54,147.6,-0.16233766233766378,0.09247027741081659,-0.4859102831394124,2019,591.87,-0.4859102831394124
2019-10-01,Consumo das Famílias,192.49,185.37,0.5587501356189684,3.0460385438972226,2.5963522784316018,2019,735.78,2.5963522784315796
2019-10-01,Agropecuária,152.78,232.35,0.27620732812567717,-1.1004660797514165,0.414873491243406,2019,907.6399999999999,0.4148734912433838
2019-10-01,Exportação,311.45,311.37,2.7996962593680896,-4.94139909656941,-2.561000679981662,2019,1232.35,-2.561000679981662
2020-01-01,Serviços,174.26,178.37,-0.47427742439459797,0.3223949337938903,1.1955012889883543,2020,174.26,0.3223949337938903
2020-01-01,PIB,167.6,168.1,-2.199208750290904,0.41339644119584573,1.0998934154429207,2020,167.6,0.41339644119584573
2020-01-01,Indústria,123.87,129.96,-1.7761318116544467,-1.2200956937799101,-0.6066332797883267,2020,123.87,-1.2200956937799101
2020-01-01,Importação,248.16,249.25,0.16476450731393033,5.76201841118309,3.3593372036768265,2020,248.16,5.76201841118309
2020-01-01,FBFC,151.6,155.52,4.847299939324468,7.009246841250794,5.001026202367109,2020,151.6,7.009246841250794
2020-01-01,Despesa do Governo,142.55,148.26,0.44715447154470844,-0.11911434977577295,-0.4207337596768723,2020,142.55,-0.11911434977577295
2020-01-01,Consumo das Famílias,179.32,183.5,-1.0087932243620923,0.3862733023568321,2.1286332371865946,2020,179.32,0.3862733023568321
2020-01-01,Agropecuária,297.62,236.61,1.8334409296320242,7.12691670866028,2.4501248260168307,2020,297.62,7.12691670866028
2020-01-01,Exportação,281.67,303.21,-2.620676365738517,-2.7416180380511745,-2.7010489510489344,2020,281.67,-2.7416180380511745
2020-04-01,Importação,207.54,218.09,-12.501504513540617,-14.221946683199004,-1.250460827197264,2020,455.7,-4.3832224763423415
2020-04-01,PIB,152.48,153.27,-8.822129684711477,-10.13672795851015,-1.7328669057845913,2020,320.08,-4.905077393861978
2020-04-01,Indústria,113.39,114.43,-11.949830717143739,-13.157693191391584,-3.766054438496602,2020,237.26,-7.30945032621011
2020-04-01,FBFC,127.91,130.73,-15.940072016460915,-14.527230203808895,-0.47060405391776694,2020,279.51,-4.05396127969243
2020-04-01,Serviços,159.41,161.02,-9.726972024443569,-9.754302536231874,-1.5602055800293613,2020,333.66999999999996,-4.758234857566945
2020-04-01,Despesa do Governo,137.41,136.29,-8.073654390934848,-7.865093201019169,-2.2780501777620477,2020,279.96000000000004,-4.07729733433837
2020-04-01,Agropecuária,271.38,238.15,0.6508600650860119,5.480410447761197,3.7761220350938984,2020,569.0,6.335264436553922
2020-04-01,Exportação,313.4,300.56,-0.873981728834794,0.28158197875336466,-2.766337340792757,2020,595.0699999999999,-1.1725042764851534
2020-04-01,Consumo das Famílias,159.39,162.77,-11.297002724795636,-11.183550651955876,-1.2393333241429105,2020,338.71,-5.4120472506911765
2020-07-01,Agropecuária,223.52,236.27,-0.7894184337602361,1.7109574080815593,3.954516462489277,2020,792.52,4.989004583631407
2020-07-01,Consumo das Famílias,175.67,174.73,7.347791362044598,-5.145788336933044,-3.180429810023422,2020,514.38,-5.321283292532531
2020-07-01,Despesa do Governo,141.9,141.21,3.6099493726612586,-4.425136391190132,-3.0976965845909477,2020,421.86,-4.194581336724735
2020-07-01,Exportação,313.81,298.39,-0.7219856268299241,-1.5559808012046261,-2.2594390247809515,2020,908.8799999999999,-1.3052448691497576
2020-07-01,Importação,209.65,200.54,-8.047136503278473,-24.63783744922534,-8.671161137675353,2020,665.35,-11.848485651448094
2020-07-01,Indústria,138.3,132.03,15.380582015205801,0.05064023728569289,-3.5704133265108684,2020,375.56,-4.728564180618977
2020-07-01,PIB,168.37,165.34,7.87499184445748,-3.0350149735083987,-2.784810126582271,2020,488.45,-4.268663151911889
2020-07-01,Serviços,173.13,171.13,6.278723139982612,-4.083102493074797,-2.891491638042698,2020,506.79999999999995,-4.528671539446904
2020-07-01,FBFC,148.43,143.42,9.707029755985609,-8.81557930949748,-4.099380943687459,2020,427.94,-5.760845628716149
2020-10-01,Serviços,180.39,176.44,3.102904224858305,-1.4370014206097848,-3.736026671896431,2020,687.1899999999999,-3.736026671896442
2020-10-01,Importação,250.71,242.68,21.013264186695935,-2.5195380846844695,-9.477553682421425,2020,916.0600000000001,-9.477553682421414
2020-10-01,PIB,171.46,171.43,3.6833192209991594,-0.3313375574027777,-3.2758772315539586,2020,659.91,-3.2758772315539586
2020-10-01,Indústria,136.24,135.42,2.567598273119742,2.228558565318517,-2.9707850683451165,2020,511.8,-2.9707850683451276
2020-10-01,FBFC,165.52,163.58,14.056616929298581,10.427646941090153,-1.743406347787213,2020,593.46,-1.743406347787213
2020-10-01,Despesa do Governo,148.18,144.18,2.103250478011476,-2.2172363732347766,-3.6883099329244717,2020,570.04,-3.6883099329244717
2020-10-01,Consumo das Famílias,187.82,180.82,3.4853774394780546,-2.42610005714583,-4.563864198537615,2020,702.2,-4.563864198537592
2020-10-01,Agropecuária,153.01,234.85,-0.6010073221314638,0.1505432648252425,4.174562601912646,2020,945.53,4.174562601912668
2020-10-01,Exportação,295.24,295.93,-0.8244244110057197,-5.2046877508428295,-2.290745323974519,2020,1204.12,-2.290745323974519
2021-01-01,Serviços,173.37,177.68,0.7027884833371134,-0.510731091472505,-3.9360600207161034,2021,173.37,-0.510731091472505
2021-01-01,PIB,170.53,173.13,0.9916584028466291,1.748210023866359,-2.944578666080988,2021,170.53,1.748210023866359
2021-01-01,Indústria,131.58,137.79,1.7501107665042204,6.224267377088899,-1.2225729170627697,2021,131.58,6.224267377088899
2021-01-01,Importação,269.36,276.62,13.985495302455897,8.542875564152164,-8.603691893631337,2021,269.36,8.542875564152164
2021-01-01,FBFC,169.31,173.66,6.162122508864165,11.682058047493404,-0.44794109981756147,2021,169.31,11.682058047493404
2021-01-01,Despesa do Governo,139.57,145.5,0.9155222638368654,-2.0904945633111294,-4.164272435355776,2021,139.57,-2.0904945633111294
2021-01-01,Consumo das Famílias,176.64,181.0,0.09954651034178585,-1.494534909658718,-5.017176531291179,2021,176.64,-1.494534909658718
2021-01-01,Agropecuária,309.43,245.07,4.351713859910578,3.968147301928626,3.2239282325541296,2021,309.43,3.968147301928626
2021-01-01,Exportação,280.58,308.61,4.284797080390645,-0.3869776689033433,-1.7461471239209159,2021,280.58,-0.3869776689033433
2021-04-01,Serviços,176.62,178.55,0.48964430436739814,10.796060472994174,0.906496077109531,2021,349.99,4.891060029370342
2021-04-01,PIB,171.38,172.09,-0.6007046727892318,12.395068205666316,2.401802478407822,2021,341.90999999999997,6.8201699575106245
2021-04-01,Indústria,134.64,135.43,-1.7127512881921714,18.740629685157415,6.289802657441612,2021,266.22,12.206018713647481
2021-04-01,Importação,253.98,265.0,-4.200708553249943,22.376409366869044,-0.7446422084998128,2021,523.34,14.843098529734489
2021-04-01,Despesa do Governo,148.58,147.38,1.2920962199312713,8.128957135579661,-0.3000155180440389,2021,288.15,2.925417916845241
2021-04-01,Exportação,352.36,337.22,9.27060043420498,12.43139757498406,1.3629426503113606,2021,632.94,6.363957181508084
2021-04-01,Consumo das Famílias,174.79,178.37,-1.453038674033147,9.661835748792269,-0.20658849804578994,2021,351.42999999999995,3.755424994833323
2021-04-01,Agropecuária,266.28,232.6,-5.088342106336963,-1.879283661286768,1.1364360515750738,2021,575.71,1.1792618629174134
2021-04-01,FBFC,161.99,165.31,-4.808245997926985,26.643733875381148,8.961802154750242,2021,331.3,18.528854066044165
2021-07-01,PIB,175.46,172.28,0.11040734499390137,4.210963948446866,4.29233284883721,2021,517.37,5.920769781963364
2021-07-01,Indústria,140.27,133.95,-1.0928154766300047,1.42443962400578,6.662343022227457,2021,406.49,8.235701352646707
2021-07-01,Importação,257.85,247.33,-6.667924528301883,22.990698783687115,11.854228542935829,2021,781.19,17.410385511384984
2021-07-01,FBFC,170.39,165.12,-0.11493557558526213,14.794852792562141,15.468217295744434,2021,501.69,17.233724353881374
2021-07-01,Serviços,183.12,180.7,1.2041444973396764,5.770230462658121,3.432779565683819,2021,533.11,5.191397000789277
2021-07-01,Despesa do Governo,150.53,149.77,1.6216582982765848,6.0817477096546835,2.347401464945942,2021,438.67999999999995,3.9871047266865522
2021-07-01,Consumo das Famílias,182.35,181.28,1.6314402646184778,3.8025843911880353,2.08383436841284,2021,533.78,3.7715307749134785
2021-07-01,Agropecuária,208.28,221.13,-4.931212381771277,-6.818181818181824,-0.8780281392150591,2021,783.99,-1.0763135315197014
2021-07-01,Exportação,321.56,306.1,-9.228396892236523,2.4696472387750523,2.410003851417253,2021,954.5,5.019364492562284
2021-10-01,Serviços,187.08,183.02,1.2838959601549682,3.708631298852505,4.802165340007836,2021,720.19,4.80216534000788
2021-10-01,PIB,173.96,174.23,1.1318783375899644,1.4580660212294427,4.761255322695512,2021,691.33,4.7612553226955345
2021-10-01,Indústria,131.08,130.48,-2.5905188503172805,-3.787433940105689,5.0351699882766665,2021,537.57,5.035169988276689
2021-10-01,Importação,260.87,252.57,2.1186269356729737,4.052490925770802,13.754557561731762,2021,1042.06,13.754557561731762
2021-10-01,FBFC,168.35,166.26,0.6904069767441845,1.7097631706138205,12.903986789337086,2021,670.04,12.903986789337086
2021-10-01,Despesa do Governo,155.14,151.07,0.8679975963143294,4.696990147118352,4.171637078099777,2021,593.8199999999999,4.171637078099777
2021-10-01,Consumo das Famílias,189.17,182.19,0.5019858781994735,0.7187732935789448,2.9549985759043107,2021,722.9499999999999,2.9549985759042885
2021-10-01,Agropecuária,161.57,249.72,12.929046262379607,5.594405594405605,0.003172823707342509,2021,945.56,0.003172823707342509
2021-10-01,Exportação,302.38,304.15,-0.6370467167592486,2.418371494377447,4.381623094043796,2021,1256.88,4.381623094043796
2022-01-01,Indústria,128.55,134.82,3.3261802575107247,-2.3027815777473815,2.893110815961175,2022,128.55,-2.3027815777473815
2022-01-01,Serviços,179.87,184.57,0.8469019779258957,3.7492068985407023,5.885181407547724,2022,179.87,3.7492068985407023
2022-01-01,PIB,173.05,175.73,0.8609309533375464,1.477745851169887,4.678353750528053,2022,173.05,1.477745851169887
2022-01-01,Importação,241.79,249.88,-1.0650512729144412,-10.235372735372739,8.239976100548407,2022,241.79,-10.235372735372739
2022-01-01,FBFC,159.3,163.31,-1.7743293636472979,-5.912232000472506,7.994502347955557,2022,159.3,-5.912232000472506
2022-01-01,Exportação,304.87,333.81,9.751767220121653,8.657067503029436,6.495266119714405,2022,304.87,8.657067503029436
2022-01-01,Despesa do Governo,145.18,151.32,0.16548619845104806,4.0194884287454435,5.708390646492445,2022,145.18,4.0194884287454435
2022-01-01,Consumo das Famílias,179.69,184.29,1.152642845381191,1.726675724637694,3.7854528819762256,2022,179.69,1.726675724637694
2022-01-01,Agropecuária,288.89,228.78,-8.385391638635276,-6.638011828200241,-3.3760210583491768,2022,288.89,-6.638011828200241
2022-04-01,PIB,177.45,177.86,1.212086723951522,3.5418368537752265,2.6667057822630458,2022,350.5,2.51235705302566
2022-04-01,Indústria,136.1,136.67,1.3721999703308008,1.0843731431966708,-0.8802426214956749,2022,264.65,-0.5897378108331686
2022-04-01,Importação,253.88,262.47,5.038418440851622,-0.039373178990464996,3.1198536139066757,2022,495.66999999999996,-5.287193793709644
2022-04-01,FBFC,165.23,168.33,3.0739085175433223,2.000123464411363,2.7927160015497776,2022,324.53,-2.0434651373377744
2022-04-01,Serviços,184.98,186.95,1.2894836647342478,4.733325784169384,4.483234069167463,2022,364.85,4.245835595302716
2022-04-01,Despesa do Governo,151.3,150.03,-0.852498017446468,1.8306636155606348,4.136762188056653,2022,296.48,2.8908554572271594
2022-04-01,Consumo das Famílias,184.36,187.97,1.9968527863693186,5.47514159848963,2.8884350696581684,2022,364.05,3.5910423128361346
2022-04-01,Agropecuária,263.83,228.62,-0.06993618323279938,-0.9200841219768607,-3.11581114004873,2022,552.72,-3.9933299751611084
2022-04-01,Exportação,337.97,321.68,-3.6338036607651003,-4.083891474628221,1.9959903058800688,2022,642.84,1.5641293013555657
2022-07-01,Serviços,192.22,189.37,1.294463760363751,4.969418960244654,4.295725297827624,2022,557.07,4.494382022471921
2022-07-01,PIB,183.04,179.57,0.9614303384684497,4.320072951099951,2.7103929852067887,2022,533.54,3.125422811527523
2022-07-01,Indústria,143.97,137.6,0.6804712080193287,2.637770014971119,-0.5582886518158192,2022,408.62,0.5239981303353014
2022-07-01,Importação,286.04,274.68,4.651960224025586,10.932712817529566,1.034984010078488,2022,781.71,0.06656511220062278
2022-07-01,FBFC,179.03,173.83,3.267391433493727,5.070720112682681,0.7044258928972758,2022,503.55999999999995,0.3727401383324169
2022-07-01,Despesa do Governo,154.52,153.65,2.412850763180696,2.6506344250315506,3.2852809869474697,2022,451.0,2.8084252758274975
2022-07-01,Consumo das Famílias,191.02,189.77,0.9575996169601586,4.754592816013181,3.137472283813758,2022,555.07,3.9885346022706214
2022-07-01,Agropecuária,226.66,241.79,5.760650861691885,8.824659112732846,0.4215581643543187,2022,779.38,-0.588017704307453
2022-07-01,Exportação,347.67,331.56,3.071375279781141,8.11979101878344,3.452718165378399,2022,990.51,3.7726558407543243
2022-10-01,Importação,270.25,269.93,-1.7292849861657245,3.5956606738988706,0.9500412644185552,2022,1051.96,0.9500412644185552
2022-10-01,PIB,178.65,180.22,0.3619758311522059,2.6960220740400054,3.017372311341915,2022,712.1899999999999,3.0173723113418927
2022-10-01,Serviços,193.78,189.85,0.2534720388656986,3.5813555698096966,4.257209902942294,2022,750.85,4.257209902942272
2022-10-01,FBFC,173.78,171.59,-1.2886153138123468,3.2254232254232296,1.0894871947943585,2022,677.3399999999999,1.0894871947943363
2022-10-01,Indústria,137.12,136.7,-0.6540697674418672,4.607873054623135,1.5198020722882566,2022,545.74,1.5198020722882566
2022-10-01,Despesa do Governo,155.54,151.42,-1.4513504718516201,0.25783163594172986,2.142063251490356,2022,606.54,2.142063251490356
2022-10-01,Consumo das Famílias,197.86,190.74,0.5111450703483067,4.593751651953282,4.1468981257348325,2022,752.9300000000001,4.146898125734855
2022-10-01,Agropecuária,155.54,242.28,0.20265519665825238,-3.7321284891997264,-1.1252591057151373,2022,934.92,-1.1252591057151262
2022-10-01,Exportação,338.56,347.08,4.680902400772102,11.965077055360807,5.743587295525421,2022,1329.07,5.743587295525421
2023-01-01,PIB,180.35,182.35,1.1818888025746377,4.218433978618896,3.6953231966563305,2023,180.35,4.218433978618896
2023-01-01,Indústria,130.51,136.85,0.1097293343087058,1.5246985608712293,2.461929883638292,2023,130.51,1.5246985608712293
2023-01-01,Importação,246.23,248.83,-7.816841403326791,1.836304230944208,4.131139784522286,2023,246.23,1.836304230944208
2023-01-01,FBFC,161.6,165.78,-3.385978203858031,1.443816698053979,2.97107707225428,2023,161.6,1.443816698053979
2023-01-01,Serviços,185.73,190.67,0.4319199367921911,3.2579084894646115,4.131060011834498,2023,185.73,3.2579084894646115
2023-01-01,Despesa do Governo,146.02,152.37,0.6273940034341674,0.5785920925747368,1.3262599469495928,2023,146.02,0.5785920925747368
2023-01-01,Consumo das Famílias,186.79,191.67,0.4875747090279825,3.9512493739217502,4.687327823691456,2023,186.79,3.9512493739217502
2023-01-01,Agropecuária,355.17,281.29,16.101205217104187,22.94298868081277,8.235497610862485,2023,355.17,22.94298868081277
2023-01-01,Exportação,326.61,350.26,0.9162152817794089,7.130908255977952,5.435656470257655,2023,326.61,7.130908255977952
2023-04-01,Serviços,190.0,191.85,0.6188702994702977,2.7138068980430363,3.629685055438414,2023,375.73,2.9820474167466138
2023-04-01,PIB,183.61,183.65,0.7129147244310463,3.471400394477331,3.6761344153617426,2023,363.96000000000004,3.840228245363786
2023-04-01,Indústria,137.49,137.92,0.7818779685787369,1.021307861866294,2.442164179104478,2023,268.0,1.2658227848101333
2023-04-01,Importação,256.92,263.66,5.959892295945024,1.1974161020954943,4.441092676386793,2023,503.15,1.5090685335001242
2023-04-01,FBFC,162.29,165.04,-0.4463747134756946,-1.7793378926345027,2.0248164397605795,2023,323.89,-0.19720827042183364
2023-04-01,Despesa do Governo,154.72,153.41,0.6825490582135441,2.2604097818902824,1.436519139749226,2023,300.74,1.4368591473286507
2023-04-01,Consumo das Famílias,190.01,193.51,0.9599833046381789,3.0646561076155265,4.09342414725995,2023,376.79999999999995,3.5022661722290627
2023-04-01,Agropecuária,319.08,273.85,-2.6449571616481204,20.941515369745666,14.511635973422088,2023,674.25,21.987624837168894
2023-04-01,Exportação,378.13,361.46,3.1976246217095827,11.882711483267737,9.803596520311352,2023,704.74,9.629145666106641
2023-07-01,Importação,268.48,265.28,0.6144276720017938,-6.1390015382464025,-0.06714113065662275,2023,771.63,-1.2894807537322084
2023-07-01,PIB,186.63,183.89,0.13068336509665102,1.961319930069938,3.0727915194346256,2023,550.59,3.195636690782333
2023-07-01,Serviços,195.67,192.64,0.4117800364868307,1.7948184372073683,2.8260431364643956,2023,571.4,2.572387671208265
2023-07-01,FBFC,166.92,162.07,-1.7995637421231225,-6.764229458749938,-1.0894316203063026,2023,490.80999999999995,-2.531972356819445
2023-07-01,Indústria,145.36,138.92,0.7250580046403776,0.9654789192192981,1.9974059662775545,2023,413.36,1.1600019578092091
2023-07-01,Despesa do Governo,155.71,154.73,0.8604393455446058,0.7701268444214371,0.9651235688124871,2023,456.45000000000005,1.2084257206208537
2023-07-01,Consumo das Famílias,197.26,195.91,1.2402459821197809,3.2666736467385604,3.719230355799219,2023,574.06,3.4211901201649964
2023-07-01,Agropecuária,246.54,265.08,-3.202483111192267,8.77084620135886,14.387587013125014,2023,920.79,18.143909261207614
2023-07-01,Exportação,382.4,371.87,2.879986720522343,9.989357724278758,10.27233562019969,2023,1087.1399999999999,9.755580458551648
2023-10-01,Serviços,197.43,193.68,0.539867109634562,1.8835793167509607,2.3946194313111624,2023,768.8299999999999,2.3946194313111624
2023-10-01,PIB,182.31,184.23,0.18489314263963053,2.0486985726280382,2.907931872112779,2023,732.9000000000001,2.907931872112801
2023-10-01,Indústria,141.09,140.77,1.3317016988194874,2.895274212368726,1.5959980943306418,2023,554.45,1.5959980943306418
2023-10-01,Importação,267.81,267.77,0.9386308805790167,-0.9028677150786257,-1.1901593216472106,2023,1039.44,-1.1901593216472106
2023-10-01,FBFC,166.17,164.22,1.3265872771024867,-4.3791000115088075,-3.0058759264180446,2023,656.9799999999999,-3.0058759264180446
2023-10-01,Despesa do Governo,160.21,156.1,0.8854133005881337,3.0024431014530117,1.6684802321363934,2023,616.6600000000001,1.6684802321363934
2023-10-01,Consumo das Famílias,202.38,195.31,-0.30626307998570246,2.2844435459415724,3.122468224137709,2023,776.4399999999999,3.1224682241376867
2023-10-01,Agropecuária,155.5,244.3,-7.839142900256513,-0.025716857400015503,15.12107987849227,2023,1076.29,15.12107987849227
2023-10-01,Exportação,363.35,372.03,0.04302578858201844,7.322188090737236,9.135711437320815,2023,1450.4899999999998,9.135711437320815
2024-01-01,Serviços,191.36,196.46,1.4353572903758716,3.03128196844884,2.345680643839776,2024,191.36,3.03128196844884
2024-01-01,PIB,184.78,186.15,1.0421755414427691,2.4563349043526417,2.4795341144421723,2024,184.78,2.4563349043526417
2024-01-01,Indústria,134.21,140.62,-0.10655679477161728,2.835031798329646,1.9079788205221604,2024,134.21,2.835031798329646
2024-01-01,Importação,271.37,279.73,4.466519774433286,10.20996629167852,0.7743279060961505,2024,271.37,10.20996629167852
2024-01-01,Despesa do Governo,149.79,156.24,0.08968609865471766,2.5818381043692495,2.1485725575422387,2024,149.79,2.5818381043692495
2024-01-01,Exportação,347.9,373.41,0.37093782759456406,6.5184776951103585,8.955367520228608,2024,347.9,6.5184776951103585
2024-01-01,Consumo das Famílias,195.01,200.1,2.4525113921458175,4.400663847101027,3.240661552833446,2024,195.01,4.400663847101027
2024-01-01,Agropecuária,344.55,271.4,11.092918542775255,-2.9901174085649185,6.439272872552948,2024,344.55,-2.9901174085649185
2024-01-01,FBFC,165.96,170.5,3.8241383509925786,2.6980198019802115,-2.692601965746566,2024,165.96,2.6980198019802115
2024-04-01,PIB,189.73,188.84,1.4450711791565984,3.333151789118216,2.4529731964445523,2024,374.51,2.8986701835366446
2024-04-01,Agropecuária,309.96,265.09,-2.3249815770081117,-2.858217374952987,0.00946566330635168,2024,654.51,-2.9276974416017842
2024-04-01,Consumo das Famílias,199.28,202.8,1.3493253373313419,4.878690595231827,3.6895308745167776,2024,394.28999999999996,4.641719745222939
2024-04-01,Despesa do Governo,159.59,158.27,1.2992831541218663,3.1476215098241944,2.3739358218729523,2024,309.38,2.8729134800824507
2024-04-01,Exportação,395.17,378.51,1.365790953643442,4.506386692407371,7.034659266554977,2024,743.0699999999999,5.4388852626500395
2024-04-01,FBFC,171.48,174.04,2.0762463343108495,5.662702569474387,-0.9117777449386799,2024,337.44,4.183519095989374
2024-04-01,Importação,295.04,301.09,7.635934651270859,14.837303440759776,4.083289284905223,2024,566.4100000000001,12.572791414091245
2024-04-01,Indústria,142.85,143.2,1.8347319015787011,3.89846534293401,2.6261632883498143,2024,277.06,3.3805970149253683
2024-04-01,Serviços,196.71,198.45,1.0129288404764125,3.531578947368419,2.55208538458509,2024,388.07000000000005,3.284273281345662
